,쉰시간제외_MLP_5_5_에너지,쉰시간제외_KNN_5_5_에너지
0,66.52655792236328,88.75992285233286
1,83.37835693359375,56.30150228564047
2,72.55522918701172,45.50919900622505
3,60.87263870239258,8.333663961439884
4,111.58778381347656,62.642068686653616
5,37.75007247924805,21.281025118064786
6,66.39192199707031,31.84629454086775
7,58.52157974243164,15.715288446965184
8,118.98947143554688,60.42852503297541
9,71.8873062133789,8.33366396143988
average,74.84609184265136,39.91511538926049
