,쉰시간제외_MLP_5_5_에너지,쉰시간제외_KNN_5_5_에너지
0,19.520252227783203,54.03948960088635
1,26.77820587158203,61.56019541521849
2,22.808412551879883,43.25394219002491
3,17.957637786865234,44.30117791393916
4,22.34379005432129,67.20161047923946
5,13.784706115722656,63.227470138434036
6,33.96123123168945,63.74384638377839
7,27.97307777404785,44.13377560007924
8,18.706300735473633,38.92894082032424
9,21.777751922607422,54.45494676905454
average,22.561136627197264,53.48453953109788
