,쉰시간제외_MLP_5_5_에너지,쉰시간제외_KNN_5_5_에너지
0,26.138858850936444,38.12982559798931
1,26.092080389547068,43.252692534272526
2,22.67460656863207,35.46584734995154
3,25.912673214025666,53.72995163216009
4,27.131701218454463,39.257258971989664
5,22.551146992465906,36.81436048544342
6,23.434002580698472,35.96525752715803
7,24.21761685644674,36.048443867181376
8,26.30205286037155,36.06251487404079
9,26.0404880702147,40.48024960562284
average,25.049522760179308,39.52064024458096
