,쉰시간제외_MLP_5_5_에너지,쉰시간제외_KNN_5_5_에너지
0,20.720508575439453,49.76149976179254
1,19.094831466674805,30.812000609844105
2,25.217987060546875,48.6225723867034
3,19.941640853881836,48.71763723536642
4,24.764266967773438,40.97263314761898
5,22.343727111816406,35.1465681470474
6,23.228771209716797,46.35821573878099
7,21.782073974609375,59.55555692404215
8,22.954086303710938,32.70147329802208
9,22.34412956237793,45.54963775143995
average,22.239202308654786,43.81977950006579
