,쉰시간포함_MLP_5_5_에너지,쉰시간제외_MLP_5_5_에너지
0,80.05612182617188,125.49979400634766
1,21.79673957824707,22.928260803222656
2,45.75591278076172,58.43051528930664
3,80.54788970947266,74.4213638305664
4,25.887588500976562,25.12017250061035
5,67.424072265625,77.76879119873047
6,28.881000518798828,37.8353271484375
7,150.20372009277344,116.77053833007812
8,54.59292221069336,83.29900360107422
9,85.98746490478516,72.9849624633789
average,64.11334323883057,69.5058729171753
