,쉰시간포함_MLP_5_5_에너지,쉰시간제외_MLP_5_5_에너지
0,5440481.5,864909.6875
1,1363388.125,5573678.0
2,99460.6875,261753.828125
3,502560.78125,35735.37109375
4,1903949.75,2927425.25
5,164436.359375,105296.734375
6,355728.53125,512362.375
7,551961.5,170266.734375
8,6104.380859375,67694.3359375
9,4303274.5,1146086.75
average,1469134.6115234375,1166520.906640625
