,쉰시간포함_MLP_5_5_에너지,쉰시간제외_MLP_5_5_에너지
0,20.249685287475586,17.64598846435547
1,121.72472381591797,96.31856536865234
2,32.0308837890625,37.38090896606445
3,38.07720184326172,35.32229232788086
4,165.4447479248047,120.3479232788086
5,25.431838989257812,132.8631134033203
6,193.05398559570312,132.10626220703125
7,86.7751235961914,273.8885192871094
8,36.15202331542969,76.15859985351562
9,257.42559814453125,191.13717651367188
average,97.63658123016357,111.31693496704102
