,쉰시간포함_MLP_5_5_에너지,쉰시간제외_MLP_5_5_에너지
0,47.29331588745117,55.06903076171875
1,22.619293212890625,23.772485733032227
2,29.360511779785156,20.568330764770508
3,71.69734954833984,123.68370056152344
4,32.6429328918457,9.0300874710083
5,26.818647384643555,29.245649337768555
6,25.414663314819336,36.95351791381836
7,33.604515075683594,22.33220100402832
8,60.88589859008789,23.153522491455078
9,26.389057159423828,28.013160705566406
average,37.67261848449707,37.182168674469
