,쉰시간포함_MLP_5_5_에너지,쉰시간제외_MLP_5_5_에너지
0,45.433265686035156,14.247200965881348
1,78.11248779296875,22.7591609954834
2,8.801514625549316,19.095592498779297
3,44.00874710083008,37.217891693115234
4,46.76593780517578,44.24169921875
5,34.16413879394531,37.843509674072266
6,21.78280258178711,31.710813522338867
7,49.86832046508789,49.22640609741211
8,74.87857818603516,6.77777099609375
9,40.221351623535156,4.359065055847168
average,44.40371446609497,26.747911071777345
