,쉰시간포함_MLP_5_5_에너지,쉰시간포함_KNN_5_5_에너지,쉰시간포함_MLP_5_5_시간(총),쉰시간포함_KNN_5_5_시간(총),쉰시간포함_MLP_5_5_시간(0제외),쉰시간포함_KNN_5_5_시간(0제외),쉰시간제외_MLP_5_5_에너지,쉰시간제외_KNN_5_5_에너지,쉰시간제외_MLP_5_5_시간(총),쉰시간제외_KNN_5_5_시간(총),쉰시간제외_MLP_5_5_시간(0제외),쉰시간제외_KNN_5_5_시간(0제외)
0,55751.34375,51.80301156839455,68126.0390625,36.257520985976996,99.91923522949219,131.8905635648755,67641.1328125,51.80301156839454,25786.70703125,36.257520985976996,99.94229888916016,131.8905635648755
1,23682.828125,485.59463764909776,8319.712890625,188.8430825930826,171.07679748535156,256.6926406926407,15956.6044921875,485.59463764909776,14854.7138671875,188.8430825930826,192.4861297607422,256.6926406926407
2,252.8185577392578,343.0746147512059,103.45552825927734,127.6248885764146,120.0626220703125,120.23422296358078,241.61041259765625,343.0746147512059,89.89588928222656,127.6248885764146,119.14421081542969,120.23422296358078
3,100.52909851074219,82.91054092475123,59.9417610168457,59.63144266715695,196.03550720214844,209.17293233082708,81.2131118774414,82.91054092475123,55.21696853637695,59.63144266715695,206.59640502929688,209.17293233082708
4,15931.46484375,485.59463764909776,13020.853515625,188.8430825930826,353.17822265625,256.6926406926407,14057.3984375,485.59463764909776,12449.4462890625,188.8430825930826,216.42759704589844,256.6926406926407
average,19143.796875,289.79548850850944,17926.000551605226,120.24000348314276,188.05447692871093,194.93660004891294,19595.59185333252,289.79548850850944,10647.19600906372,120.24000348314276,166.91932830810546,194.93660004891294
