,쉰시간제외_MLP_5_5_에너지,쉰시간제외_KNN_5_5_에너지
0,21.304782933202283,26.36640189304982
1,22.038490459836762,28.475373492622698
2,19.178096442387023,35.708754692308766
3,23.010414386617725,31.68622012272411
4,16.56627115710028,24.228861898883252
5,18.02010042914029,26.74637005867998
6,21.943524590853986,35.401217741180446
7,17.894960666524952,33.33746875872888
8,26.791786720012798,25.553556437989876
9,16.550856623156317,24.18957020948923
average,20.32992844088324,29.169379530565703
