,쉰시간제외_MLP_5_5_에너지,쉰시간제외_KNN_5_5_에너지
0,28.14061673482259,38.28750649567272
1,29.606103261311848,38.922196083853386
2,23.86070187886556,34.74842463841665
3,26.18985875447591,33.209345886012336
4,28.586838404337566,42.40811241194469
5,24.289475123087566,32.544528420778384
6,26.40392303466797,39.350443070977725
7,26.52015495300293,38.654745592742415
8,26.111798604329426,35.707137108383776
9,26.13317616780599,32.74108435966455
average,26.58426469167074,36.657352406844666
