,쉰시간제외_MLP_5_5_에너지,쉰시간제외_KNN_5_5_에너지
0,16.27509307861328,16.985585216291852
1,13.701512336730957,31.068258482267456
2,16.580846786499023,30.877975548165665
3,12.453778266906738,31.74185513857833
4,10.06895637512207,36.21798377790309
5,13.878602981567383,25.292437681409847
6,12.160360336303711,20.50147187982758
7,13.564556121826172,29.16097673539706
8,12.432774543762207,34.58563091405573
9,14.660297393798828,36.311153608064714
average,13.577677822113037,29.274332898196132
