,쉰시간포함_MLP_5_5_에너지,쉰시간포함_KNN_5_5_에너지,쉰시간포함_MLP_5_5_시간(총),쉰시간포함_KNN_5_5_시간(총),쉰시간포함_MLP_5_5_시간(0제외),쉰시간포함_KNN_5_5_시간(0제외),쉰시간제외_MLP_5_5_에너지,쉰시간제외_KNN_5_5_에너지,쉰시간제외_MLP_5_5_시간(총),쉰시간제외_KNN_5_5_시간(총),쉰시간제외_MLP_5_5_시간(0제외),쉰시간제외_KNN_5_5_시간(0제외)
0,76.20001220703125,32.91388377881407,100.59557342529297,90.55914086921449,257.46087646484375,143.22365076675422,75.8734130859375,32.91388377881407,100.84431457519531,90.55914086921449,94.15684509277344,143.22365076675422
1,98.85671997070312,21.623111191211418,100.44900512695312,81.07595747406174,131.03216552734375,125.63993174061434,98.76891326904297,21.623111191211404,98.7806396484375,81.07595747406174,77.19313049316406,125.63993174061434
2,117.39599609375,32.91388377881407,100.7009048461914,90.55914086921449,239.38534545898438,143.22365076675422,110.83553314208984,32.91388377881407,100.84598541259766,90.55914086921449,92.99286651611328,143.22365076675422
3,105.42781829833984,647.3243774999169,1204.7586669921875,764.2210144927536,64.90337371826172,42.472527472527474,1211.331298828125,647.324377499917,1001.9909057617188,764.2210144927536,33.68125534057617,42.472527472527474
4,28.272085189819336,61.10369099867685,62.74813461303711,56.57070113591853,99.32805633544922,421.72297297297297,71.02821350097656,61.10369099867684,71.18719482421875,56.57070113591853,246.35166931152344,421.72297297297297
average,85.23052635192872,159.17578944948667,313.85045700073243,216.5971909682326,158.42196350097657,175.25654674392464,313.5674743652344,159.17578944948667,274.7298080444336,216.5971909682326,108.87515335083008,175.25654674392464
