,All_MLP_1_3_시작온도,All_KNN_시작온도
0,19.181745529174805,21.898822540599518
average,19.181745529174805,21.898822540599518
