,All_MLP_1_3_시작온도,All_KNN_시작온도
0,17.08697509765625,14.355441148318143
average,17.08697509765625,14.355441148318143
