,All_MLP_3_5_시작온도,All_KNN_시작온도
0,15.593055915832519,15.85945271113635
average,15.593055915832519,15.85945271113635
