,All_MLP_5_5_시작온도,All_KNN_시작온도
0,16.5429849913626,21.058187222013487
average,16.5429849913626,21.058187222013487
