,All_MLP_3_3_시작온도,All_KNN_시작온도
0,11.971693665640695,15.584042176524529
average,11.971693665640695,15.584042176524529
