,All_MLP_3_1_시작온도,All_KNN_시작온도
0,41.507938385009766,51.87100866888949
average,41.507938385009766,51.87100866888949
