,All_MLP_5_5_시작온도,All_KNN_시작온도
0,8.488379655060944,9.748478650602507
average,8.488379655060944,9.748478650602507
