,All_MLP_3_3_시작온도,All_KNN_시작온도
0,16.117041724068777,15.392451207445232
average,16.117041724068777,15.392451207445232
