,All_MLP_3_1_시작온도,All_KNN_시작온도
0,14.212813483344185,14.394510697740207
average,14.212813483344185,14.394510697740207
