,All_MLP_5_5_시작온도,All_KNN_시작온도
0,16.358418153256785,17.829496183369493
average,16.358418153256785,17.829496183369493
