,All_MLP_3_3_시작온도,All_KNN_시작온도
0,21.498063405354817,22.495826851760704
average,21.498063405354817,22.495826851760704
