,쉰시간제외_MLP_5_5_에너지,쉰시간제외_KNN_5_5_에너지
0,14.813525199890137,20.57035441269407
1,23.09726333618164,35.167286769548795
2,17.073862075805664,17.524252904146774
3,30.647727966308594,20.844034739155003
4,32.76077651977539,35.79413028381896
5,18.132551193237305,37.014785300908734
6,26.578598022460938,25.047197080580602
7,21.533315658569336,31.75825830234199
8,21.606443405151367,18.59730646811721
9,22.1162109375,33.14310891986343
average,22.836027431488038,27.546071518117554
