,쉰시간제외_MLP_5_5_에너지,쉰시간제외_KNN_5_5_에너지
0,17.552605056762694,23.899346490889332
1,27.203632354736328,33.15694817978813
2,14.839124298095703,25.387459530867368
3,14.084260177612304,26.331452770073298
4,11.508132362365723,27.9744921296999
5,15.096939086914062,31.52133663442515
6,13.588789558410644,24.860681414639885
7,31.332644844055174,28.918510722546305
8,20.763157272338866,27.449476361415503
9,20.848175048828125,34.468723029411194
average,18.681746006011963,28.39684272637561
