,쉰시간제외_MLP_5_5_에너지,쉰시간제외_KNN_5_5_에너지
0,51.94899368286133,48.89044005763029
1,32.869972229003906,61.31867541394534
2,30.93804359436035,42.39222464847883
3,46.7994499206543,67.16421451152907
4,26.29839515686035,29.138658895457574
5,28.1068058013916,48.8916637663313
6,39.012351989746094,42.56147047551193
7,22.873729705810547,45.739291097191575
8,30.833845138549805,39.828690088381244
9,28.196489334106445,51.89804574134955
average,33.787807655334475,47.78233746958067
