,쉰시간제외_MLP_5_5_에너지,쉰시간제외_KNN_5_5_에너지
0,234.33787536621094,194.86036835386795
1,57.21595001220703,18.321024879411127
2,50.91419982910156,181.87400985912092
3,421.6329650878906,189.08300002111787
4,60.29794692993164,51.395697428878705
5,71.09432220458984,44.172098798328655
6,58.863014221191406,39.852092026258134
7,295.8990173339844,277.1336918820185
8,55.78645324707031,36.460831563164824
9,27.911823272705078,23.671526181412954
average,133.39535675048828,105.68243409935796
