,쉰시간제외_MLP_5_5_에너지,쉰시간제외_KNN_5_5_에너지
0,21.71092414855957,58.61603564298296
1,57.91858673095703,72.79954718269349
2,454.1488952636719,79.78380778252408
3,57.5883903503418,48.720766037257796
4,495.5684509277344,270.1821876848889
5,134.6363983154297,72.79831797483692
6,63.123191833496094,79.63551018207477
7,86.33259582519531,54.01159732633125
8,208.61231994628906,243.12960218623041
9,56.947601318359375,48.720766037257796
average,163.6587354660034,102.83981380370783
