,쉰시간제외_MLP_5_5_에너지,쉰시간제외_KNN_5_5_에너지
0,262.34185791015625,194.86036835386795
1,36.10614013671875,18.321024879411127
2,58.968971252441406,181.87400985912092
3,344.71746826171875,189.08300002111787
4,46.36316680908203,51.395697428878705
5,44.77722930908203,44.172098798328655
6,44.108394622802734,39.852092026258134
7,316.3888244628906,277.1336918820185
8,55.00882339477539,36.460831563164824
9,31.6583251953125,23.671526181412954
average,124.04392013549804,105.68243409935796
