,쉰시간제외_MLP_5_5_에너지,쉰시간제외_KNN_5_5_에너지
0,22.34101965531059,34.264050723934794
1,29.932725209775178,40.34548237753582
2,27.959331595379375,33.73572014526976
3,23.183970177691915,38.262486805437824
4,23.82126760068147,37.107909831702706
5,21.46016319938328,36.59244391651603
6,24.35661684119183,40.86153386593702
7,20.851302503502886,42.02999337211275
8,19.31203911822775,33.8481930930291
9,23.929124317998472,34.74985601370516
average,23.714756021914276,37.1797670145181
