,쉰시간제외_MLP_5_5_에너지,쉰시간제외_KNN_5_5_에너지
0,25.841388008811258,42.93572824563794
1,25.78521942895306,43.195630346269894
2,24.151496083283227,44.27281424389516
3,24.86583276228471,36.86739249724033
4,24.86289962264132,37.39618672751654
5,21.501854494583508,46.707550132296596
6,30.068526023675588,48.51493673356288
7,22.792376746816082,42.31249264789329
8,27.226565116693166,46.87581946361249
9,26.138854397229913,41.04946997367518
average,25.323501268497186,43.01280210116003
