,쉰시간제외_MLP_5_5_에너지,쉰시간제외_KNN_5_5_에너지
0,13.209030151367188,44.184549531696234
1,16.40086416764693,55.233222342142774
2,12.92061016776345,38.50400052544727
3,17.58089152249423,50.0197735424965
4,14.494151548905807,45.83959119044986
5,13.557682904330166,47.39588477042958
6,14.239896774291992,41.30167197788037
7,14.012277429754084,38.92856752585644
8,16.658296671780672,44.53709300820389
9,13.76742137562145,49.87032421882681
average,14.684112271395596,45.58146786334297
