,forward,f_All_MLP_5_5_에너지,backward,b_All_MLP_5_5_에너지
0,"[('시간(총)',)]",17.90976905822754,"[('종료온도',), ('시간(총)',)]",21.40681266784668
1,"[('장입소재개수',), ('종료온도',), ('시간(총)',)]",21.659231185913086,"[('시작온도',), ('시간(총)',)]",19.377933502197266
2,"[('시작온도',), ('시간(총)',)]",21.989072799682617,"[('시간(총)',)]",22.079015731811523
3,"[('시간(총)',)]",21.77728843688965,"[('시간(총)',)]",21.837961196899414
4,"[('시작온도',), ('시간(총)',)]",14.1432466506958,"[('시작온도',), ('시간(총)',)]",12.994617462158203
average,,19.49572162628174,,19.53926811218262
