,forward,f_All_MLP_5_5_에너지,backward,b_All_MLP_5_5_에너지
0,"[('장입중량총합',), ('시작온도',), ('시간(총)',)]",45.88667297363281,"[('장입중량총합',), ('시작온도',), ('시간(총)',)]",45.759429931640625
1,"[('시간(총)',)]",26.276546478271484,"[('시간(총)',)]",25.437145233154297
2,"[('시간(총)',)]",26.171035766601562,"[('시간(총)',)]",26.298330307006836
3,"[('장입중량총합',), ('시간(총)',)]",42.57424545288086,"[('장입소재개수',), ('시간(총)',)]",36.29520797729492
4,"[('시간(총)',)]",29.305416107177734,"[('시간(총)',)]",28.58673667907715
average,,34.04278335571289,,32.47537002563477
