,쉰시간제외_MLP_5_5_에너지,쉰시간제외_KNN_5_5_에너지
0,21.64946831597222,85.96239880147975
1,23.0884821150038,89.49844788417774
2,24.774243354797363,80.95395119038827
3,21.960588243272568,95.65696534532717
4,22.251567840576172,108.79289442949703
5,23.74830500284831,120.45877140596897
6,24.84663454691569,104.96539072587679
7,22.96988042195638,105.95174691860842
8,23.360072241889107,133.78351882916286
9,22.511522081163193,113.6409399108572
average,23.116076416439483,103.96650254413441
