,쉰시간제외_MLP_5_5_에너지,쉰시간제외_KNN_5_5_에너지
0,21.642561471284324,137.81046033830054
1,23.250452497112217,128.2723674531205
2,25.763938163643452,165.16803476759458
3,17.517042145800236,103.01473149502725
4,20.4887089231121,96.84123489775196
5,18.821509375501034,105.37583817126355
6,22.064395335183214,139.01939241429739
7,18.90833111663363,102.74109575299289
8,17.149003213910913,84.48332894561392
9,20.089255888070632,102.05406000991427
average,20.569519813025174,116.47805442458768
