,쉰시간제외_MLP_5_5_에너지,쉰시간제외_KNN_5_5_에너지
0,27.127433553918614,92.99336408095371
1,27.342059643237622,125.70856313855212
2,30.281512817779145,105.74300396587147
3,21.152835152365945,134.563597996189
4,30.79972405867143,140.5435553277132
5,25.66324793827998,142.3059331221628
6,29.062332401027927,97.27330335594489
7,28.50061453782119,123.20293173850125
8,23.348590751747032,98.12069185371377
9,23.588247299194336,96.81658798614721
average,26.686659815404322,115.72715325657495
