,쉰시간제외_MLP_5_5_에너지,쉰시간제외_KNN_5_5_에너지
0,25.973869772518384,43.575361308410635
1,25.09820332246668,43.452531453583674
2,24.996971018174115,43.03867931722799
3,27.419368743896484,42.44915121275237
4,29.87236269782571,46.3117016216072
5,26.69510504778694,43.94308574509743
6,26.027908325195312,39.25100598545926
7,26.782433790319107,49.34077526632004
8,27.626327514648438,43.47445835528389
9,24.123822380514707,49.468426484400645
average,26.461637261334584,44.430517675014315
