,쉰시간제외_MLP_5_5_에너지,쉰시간제외_KNN_5_5_에너지
0,33.36723113971981,112.66449676686159
1,29.701243979031922,107.54505664248781
2,27.156714319531382,102.9351204037147
3,32.17170944630774,86.63504863445914
4,34.49894020205638,156.436053653513
5,27.033212109341648,95.40348263832706
6,29.24002680752447,150.32714117163854
7,27.30100510810894,96.90940295696802
8,39.694600892197236,192.15997052757
9,28.86527512764019,103.77802221642641
average,30.902995913145975,120.47937956119662
