,쉰시간제외_MLP_5_5_에너지,쉰시간제외_KNN_5_5_에너지
0,18.856884311985326,30.423121106535923
1,18.623420225607383,26.086255898622962
2,22.244094951732738,40.26627982672738
3,19.054355569787926,28.64623356220044
4,21.565970343512458,34.02521520142159
5,19.83823600975243,36.748396667126855
6,22.56990417274269,35.31157499735053
7,21.4959997228674,39.70585070442137
8,18.15962404818148,32.25988784466743
9,18.88166891561972,44.56794758698095
average,20.129015827178954,34.804076339605544
