,쉰시간제외_MLP_5_5_에너지,쉰시간제외_KNN_5_5_에너지
0,22.64511440577132,25.140839394949555
1,24.685908799760796,28.080483959797824
2,23.775618885340315,26.933451878970732
3,22.279150159171458,27.643162660914626
4,22.84196088555154,26.390593023831265
5,23.90093036180132,30.639242610643517
6,23.173857142416278,29.31875877511158
7,23.386925654464893,30.1532820092335
8,23.249084065469464,29.442286217222467
9,22.34512089075667,26.37312920333083
average,23.228367125050404,28.011522973400588
