,쉰시간제외_MLP_5_5_에너지,쉰시간제외_KNN_5_5_에너지
0,22.663879071593914,29.604061756052502
1,23.114001763560786,27.60322479506181
2,24.835578333133114,35.067678637236234
3,31.698049757215713,34.00464955469234
4,21.6010705655214,25.188781581144067
5,24.754273782962215,29.261614301987866
6,31.366506001305957,37.66918721197646
7,22.98557206814882,26.577823680288308
8,24.48770101234396,34.33744280882385
9,24.54378950532782,29.5835304810418
average,25.20504218611137,30.889799480830522
