,쉰시간포함_MLP_5_5_에너지,쉰시간제외_MLP_5_5_에너지
0,24.759965896606445,21.694591522216797
1,99.8304214477539,116.17221069335938
2,29.308542251586914,48.152984619140625
3,36.37785339355469,37.923091888427734
4,160.1977081298828,94.96348571777344
5,62.00014114379883,136.0387420654297
6,182.79493713378906,104.6857681274414
7,63.198360443115234,42.67431640625
8,13.344709396362305,71.68881225585938
9,246.6090545654297,106.98780822753906
average,91.84216938018798,78.09818115234376
