,쉰시간포함_MLP_5_5_에너지,쉰시간제외_MLP_5_5_에너지
0,105.48823547363281,121.86089324951172
1,29.0640811920166,21.94223976135254
2,32.41163635253906,76.28936004638672
3,67.7939682006836,72.71723175048828
4,25.280363082885742,32.651771545410156
5,69.77863311767578,89.60223388671875
6,32.91865539550781,32.791038513183594
7,144.98104858398438,108.46633911132812
8,56.286041259765625,75.4576644897461
9,58.22630310058594,66.82548522949219
average,62.222896575927734,69.86042575836181
