,쉰시간포함_MLP_5_5_에너지,쉰시간제외_MLP_5_5_에너지
0,51.656558990478516,46.15940475463867
1,22.260663986206055,24.763408660888672
2,24.484758377075195,17.175657272338867
3,38.7272834777832,76.6794662475586
4,35.33723068237305,21.36104393005371
5,25.88519287109375,28.10538101196289
6,20.542572021484375,42.96735763549805
7,29.050973892211914,27.083646774291992
8,52.18588638305664,32.86775588989258
9,21.09137535095215,31.725738525390625
average,32.122249603271484,34.888886070251466
