,쉰시간포함_MLP_5_5_에너지,쉰시간제외_MLP_5_5_에너지
0,12.174514770507812,21.14202117919922
1,41.2809944152832,20.867918014526367
2,10.259922981262207,30.5557918548584
3,47.25519943237305,40.37112045288086
4,45.58479309082031,44.08269500732422
5,39.01076889038086,26.36383056640625
6,25.5024356842041,13.144370079040527
7,47.57487869262695,46.68560791015625
8,22.0529842376709,45.52363204956055
9,12.400117874145508,17.198686599731445
average,30.30966100692749,30.593567371368408
