,쉰시간포함_MLP_5_5_에너지,쉰시간제외_MLP_5_5_에너지
0,2354200.0,781672.25
1,130260.7265625,731316.3125
2,1490429.375,3527041.25
3,299938.625,294567.40625
4,5644394.0,1624348.0
5,514271.59375,2247.388671875
6,5521742.5,657332.4375
7,2342915.5,107426.578125
8,70997.578125,279277.65625
9,6358999.5,136573.296875
average,2472814.93984375,814180.2576171875
