,쉰시간제외_MLP_5_5_에너지,쉰시간제외_KNN_5_5_에너지
0,24.288087754022506,96.79387331567503
1,34.20020548502604,199.34056964757835
2,23.433597110566637,96.83191170753312
3,24.753969192504883,105.30380862081567
4,34.006869361514134,185.53438572771256
5,28.448346637544176,164.09351636317092
6,33.82271721249535,141.21278077219884
7,23.548705328078498,106.62318916030141
8,34.270327704293386,243.53392139708822
9,28.786640439714706,111.69951622702968
average,28.95594662257603,145.0967472939104
