,쉰시간제외_MLP_5_5_에너지,쉰시간제외_KNN_5_5_에너지
0,16.18502977159288,38.534971601957984
1,16.18089951409234,42.87201743959729
2,16.276679780748154,40.1973772455781
3,16.692273881700302,38.34164482016399
4,17.762807422214085,41.24020261989215
5,19.96856223212348,48.394364343478834
6,16.5525328318278,46.24579658669834
7,15.744548267788357,39.1635892988187
8,14.286875936720106,37.59481440002548
9,16.51946152581109,35.81861519040577
average,16.616967116461858,40.840339354661666
