,쉰시간제외_MLP_5_5_에너지,쉰시간제외_KNN_5_5_에너지
0,23.688653280568676,85.96343291140555
1,31.386862555215526,126.97629745732073
2,32.267192485720614,83.5068371950916
3,31.734290366949036,147.39432667125362
4,35.65096176502316,144.1798437067049
5,55.660449449406116,137.11524467525024
6,23.519559283589206,60.692737732260724
7,34.75638753314351,123.93317147948433
8,30.69542822726937,92.67445537970042
9,22.480024781338003,87.84020976964086
average,32.18398097282232,109.02765569781131
