,쉰시간제외_MLP_5_5_에너지,쉰시간제외_KNN_5_5_에너지
0,28.95236396269837,101.06331865044795
1,26.048433023187705,98.7171640140281
2,28.9098599301372,143.09848495567115
3,27.17266240756583,96.74105639057746
4,26.89919421328511,94.43383436822744
5,25.386648100143557,111.52026939804868
6,25.937035937400214,84.30447185168225
7,27.997890607537627,78.80190148055395
8,26.804450437873196,109.74097591249449
9,26.93735996838811,111.4708562049966
average,27.10458985882169,102.98923332267279
