,쉰시간제외_MLP_5_5_에너지,쉰시간제외_KNN_5_5_에너지
0,21.547175201550456,91.34826702706908
1,22.90047906043771,110.38671378213782
2,22.218899268935957,96.81234223495007
3,23.008235654116728,118.2616657481608
4,22.977356209103757,97.60235256391124
5,23.789722148542364,95.63990999049585
6,22.223838848164426,88.26784148700084
7,23.811482736192612,96.25539133179592
8,23.363853261334256,92.33702866631124
9,23.245323382810348,106.47646351365027
average,22.90863657711886,99.33879763454831
