,쉰시간제외_MLP_5_5_에너지,쉰시간제외_KNN_5_5_에너지
0,30.603022826016925,127.23052855150439
1,27.888289042881556,102.20864061467402
2,28.52275563638369,92.20868433342594
3,26.553888414522294,78.51092369098347
4,27.3028614788825,86.54698079645998
5,27.83199447581916,85.41425671094193
6,27.631680125628588,79.68098961389256
7,30.111425591139135,107.8595145980574
8,27.788593389995746,83.1589731789866
9,27.30922315424895,100.57125908818219
average,28.154373413551856,94.33907511771085
