,쉰시간제외_MLP_5_5_에너지,쉰시간제외_KNN_5_5_에너지
0,30.041413047096945,99.65207966996343
1,19.725541201504793,62.483449836557824
2,19.30995819785378,83.19303522162032
3,23.555823239413176,86.1436038569583
4,21.538043455644086,96.00147154118605
5,25.324091131036933,64.0031009285022
6,30.020268353548918,102.20876041883125
7,20.161077325994317,55.80963833275846
8,20.757817528464578,83.24244933406354
9,30.116667487404563,93.90214300764049
average,24.055070096796207,82.66397321480818
