,쉰시간포함_MLP_5_5_에너지,쉰시간제외_MLP_5_5_에너지
0,686.3425903320312,530.801513671875
1,28.825454711914062,21.174266815185547
2,75.35710906982422,55.3345947265625
3,105.70001983642578,76.07774353027344
4,65.6626968383789,69.68001556396484
5,23.54974365234375,24.106592178344727
6,17.965356826782227,13.530027389526367
7,751.0313720703125,679.6500854492188
8,35.764347076416016,34.30072784423828
9,40.12226104736328,25.292774200439453
average,183.0320951461792,152.99483413696288
