,쉰시간포함_MLP_5_5_에너지,쉰시간포함_KNN_5_5_에너지,쉰시간포함_MLP_5_5_시간(총),쉰시간포함_KNN_5_5_시간(총),쉰시간포함_MLP_5_5_시간(0제외),쉰시간포함_KNN_5_5_시간(0제외),쉰시간제외_MLP_5_5_에너지,쉰시간제외_KNN_5_5_에너지,쉰시간제외_MLP_5_5_시간(총),쉰시간제외_KNN_5_5_시간(총),쉰시간제외_MLP_5_5_시간(0제외),쉰시간제외_KNN_5_5_시간(0제외)
0,125675.765625,51.80301156839455,50356.48828125,36.257520985976996,99.93409729003906,131.8905635648755,100457.6640625,51.80301156839454,15099.9638671875,36.257520985976996,99.91288757324219,131.8905635648755
1,14653.501953125,485.59463764909776,10427.0859375,188.8430825930826,175.60940551757812,256.6926406926407,21865.251953125,485.59463764909776,14359.2529296875,188.8430825930826,198.8390655517578,256.6926406926407
2,307.7935791015625,343.0746147512059,109.13900756835938,127.6248885764146,124.2577896118164,120.23422296358078,246.10682678222656,343.0746147512059,91.04878234863281,127.6248885764146,119.96109771728516,120.23422296358078
3,83.58477783203125,82.91054092475123,65.60155487060547,59.63144266715695,194.150390625,209.17293233082708,80.21028900146484,82.91054092475123,47.538875579833984,59.63144266715695,209.99830627441406,209.17293233082708
4,19294.076171875,485.59463764909776,12505.5947265625,188.8430825930826,221.83763122558594,256.6926406926407,16550.224609375,485.59463764909776,14556.318359375,188.8430825930826,186.6992950439453,256.6926406926407
average,32002.944421386717,289.79548850850944,14692.781901550294,120.24000348314276,163.1578628540039,194.93660004891294,27839.89154815674,289.79548850850944,8830.824562835693,120.24000348314276,163.0821304321289,194.93660004891294
