,쉰시간포함_MLP_5_5_에너지,쉰시간포함_KNN_5_5_에너지,쉰시간포함_MLP_5_5_시간(총),쉰시간포함_KNN_5_5_시간(총),쉰시간포함_MLP_5_5_시간(0제외),쉰시간포함_KNN_5_5_시간(0제외),쉰시간제외_MLP_5_5_에너지,쉰시간제외_KNN_5_5_에너지,쉰시간제외_MLP_5_5_시간(총),쉰시간제외_KNN_5_5_시간(총),쉰시간제외_MLP_5_5_시간(0제외),쉰시간제외_KNN_5_5_시간(0제외)
0,380.7023010253906,32.91388377881407,291.2074279785156,90.55914086921449,93.47270965576172,143.22365076675422,308.07855224609375,32.91388377881407,231.62770080566406,90.55914086921449,289.8742980957031,143.22365076675422
1,57.21406555175781,28.29368720082317,88.26445770263672,40.03354418248035,100.195068359375,144.24235291600246,91.54104614257812,192.34327397795988,83.42586517333984,37.10801226758674,102.08706665039062,104.11696106647265
2,56.5925178527832,53.75139752760758,60.748680114746094,60.887681159420296,100.65428161621094,66.8259385665529,46.573150634765625,53.75139752760758,57.70854568481445,60.887681159420296,102.79483032226562,66.8259385665529
3,61.57339859008789,25.934069503057987,67.87764739990234,38.54533881707795,99.54761505126953,358.75,46.90742492675781,202.16333043811696,63.44144058227539,105.88768115942028,99.6424560546875,426.24999999999994
4,207.4500274658203,25.934069503057987,65.547607421875,38.54533881707795,229.58889770507812,358.75,59.74272918701172,202.16333043811696,60.24064636230469,105.88768115942028,93.6064224243164,426.24999999999994
average,152.70646209716796,33.36542150267216,114.72916412353516,53.71420876905421,124.69171447753907,214.35838844986193,110.5685806274414,136.6670432321231,99.2888397216797,80.0660393230124,137.60101470947265,233.33331007995594
