,쉰시간제외_MLP_5_5_에너지,쉰시간제외_KNN_5_5_에너지
0,55.490638732910156,58.61603564298296
1,72.715576171875,72.79954718269349
2,315.3758239746094,79.78380778252408
3,44.41339111328125,48.720766037257796
4,541.1348876953125,270.1821876848889
5,198.39671325683594,72.79831797483692
6,62.92943572998047,79.63551018207477
7,22.631637573242188,54.01159732633125
8,87.41670227050781,243.12960218623041
9,65.45706176757812,48.720766037257796
average,146.59618682861327,102.83981380370783
