,쉰시간제외_MLP_5_5_에너지,쉰시간제외_KNN_5_5_에너지
0,91.89167022705078,88.75992285233286
1,75.79276275634766,56.30150228564047
2,62.997802734375,45.50919900622505
3,88.39627075195312,8.333663961439884
4,105.10612487792969,62.642068686653616
5,38.26736831665039,21.281025118064786
6,55.31516647338867,31.84629454086775
7,56.23746871948242,15.715288446965184
8,122.38400268554688,60.42852503297541
9,68.05168151855469,8.33366396143988
average,76.44403190612793,39.91511538926049
