,쉰시간제외_MLP_5_5_에너지,쉰시간제외_KNN_5_5_에너지
0,34.34062788859907,187.88959299506732
1,37.648093947445055,149.21186080853352
2,36.61323473826948,226.42383044970003
3,21.725286529724855,111.85337687306304
4,31.8744481098221,151.80921703252983
5,32.977419244237694,137.7695137023047
6,26.371317461312536,107.68176702224332
7,39.05251422560359,171.16255068671592
8,32.69639628766531,210.8991342765306
9,40.27820150536227,197.86029627397355
average,33.357753993804195,165.25611401206615
