,쉰시간제외_MLP_5_5_에너지,쉰시간제외_KNN_5_5_에너지
0,32.576613481738896,111.14480989018263
1,28.17387742634061,78.46277845863108
2,30.550768096537528,98.25787777217123
3,30.624837228316295,109.06340218252319
4,26.6401283553884,99.01986510300071
5,26.31566369261923,88.91281298557683
6,30.50687773499308,117.10870793883068
7,31.168482565578024,113.9474202247025
8,30.315850376177437,101.46467087607346
9,28.092861740498602,111.07903491398878
average,29.49659606981881,102.84613803456811
