,쉰시간제외_MLP_5_5_에너지,쉰시간제외_KNN_5_5_에너지
0,26.052548090616863,50.101959002183115
1,27.830346425374348,55.36929742061175
2,26.545100741916233,54.7110100644738
3,25.598883310953777,40.52986385016054
4,28.20313284132216,52.31969961877968
5,21.45343123541938,59.19953699212075
6,22.677677790323894,44.51026964112432
7,26.16716130574544,44.05590281906944
8,26.146455976698135,52.94660431619723
9,25.216739018758137,51.43812996455455
average,25.589147673712837,50.51822736892752
